"Time";"mlk-georgia-cam-3";"mlk-georgia-cam-1";"mlk-houston-cam-1";"mlk-lindsay-cam-2";"mlk-douglas-cam-1";"mlk-central-cam-2";"mlk-peeples-cam-3";"mlk-douglas-cam-2";"mlk-peeples-cam-1";"mlk-magnolia-cam-2"
"2019-03-25 20:50:00";0;0;0;0;0;112;85;83;59;51
"2019-03-25 21:00:00";0;0;0;0;0;170;64;65;47;62
"2019-03-25 21:10:00";0;0;0;0;0;169;100;109;70;64
"2019-03-25 21:20:00";0;0;0;0;0;184;77;84;42;39
"2019-03-25 21:30:00";0;0;0;0;0;139;77;99;67;50
"2019-03-25 21:40:00";0;0;0;0;0;158;76;99;61;62
"2019-03-25 21:50:00";0;0;0;0;0;125;67;84;60;62
"2019-03-25 22:00:00";0;0;0;0;0;134;98;81;73;69
"2019-03-25 22:10:00";0;0;0;0;0;150;74;86;44;57
"2019-03-25 22:20:00";0;0;0;0;0;111;59;64;43;44
"2019-03-25 22:30:00";0;0;0;0;0;109;43;77;36;32
"2019-03-25 22:40:00";0;0;0;0;0;128;85;63;64;57
"2019-03-25 22:50:00";0;0;0;0;0;101;66;78;42;40
"2019-03-25 23:00:00";0;0;0;0;0;130;66;76;52;45
"2019-03-25 23:10:00";0;0;0;0;0;127;72;76;44;49
"2019-03-25 23:20:00";0;0;0;0;0;95;43;55;37;35
"2019-03-25 23:30:00";0;0;0;0;0;90;41;38;22;29
"2019-03-25 23:40:00";0;0;0;0;0;66;43;45;33;25
"2019-03-25 23:50:00";0;0;0;0;0;71;50;31;24;14
"2019-03-26 00:00:00";0;0;0;0;0;51;51;49;27;19
"2019-03-26 00:10:00";0;0;0;0;0;47;7;23;8;14
"2019-03-26 00:20:00";0;0;0;0;0;71;34;29;15;13
"2019-03-26 00:30:00";0;0;0;0;0;60;36;34;19;16
"2019-03-26 00:40:00";0;0;0;0;0;94;37;35;21;25
"2019-03-26 00:50:00";0;0;0;0;0;75;36;28;16;16
"2019-03-26 01:00:00";0;0;0;0;0;56;38;28;21;23
"2019-03-26 01:10:00";0;0;0;0;0;51;19;26;15;9
"2019-03-26 01:20:00";0;0;0;0;0;44;29;10;10;11
"2019-03-26 01:30:00";0;0;0;0;0;48;33;11;17;10
"2019-03-26 01:40:00";0;0;0;0;0;22;5;10;6;8
"2019-03-26 01:50:00";0;0;0;0;0;35;16;16;6;5
"2019-03-26 02:00:00";0;0;0;0;0;21;13;14;14;3
"2019-03-26 02:10:00";0;0;0;0;0;17;5;6;3;4
"2019-03-26 02:20:00";0;0;0;0;0;9;8;11;7;10
"2019-03-26 02:30:00";0;0;0;0;0;9;7;12;2;2
"2019-03-26 02:40:00";0;0;0;0;0;12;13;7;5;5
"2019-03-26 02:50:00";0;0;0;0;0;20;9;7;8;8
"2019-03-26 03:00:00";0;0;0;0;0;14;15;6;8;8
"2019-03-26 03:10:00";0;0;0;0;0;21;6;1;4;9
"2019-03-26 03:20:00";0;0;0;0;0;24;3;5;2;5
"2019-03-26 03:30:00";0;0;0;0;0;27;15;14;10;8
"2019-03-26 03:40:00";0;0;0;0;0;7;6;9;4;7
"2019-03-26 03:50:00";0;0;0;0;0;11;16;8;2;0
"2019-03-26 04:00:00";0;0;0;0;0;18;18;5;8;3
"2019-03-26 04:10:00";0;0;0;0;0;13;0;3;0;3
"2019-03-26 04:20:00";0;0;0;0;0;28;3;9;1;5
"2019-03-26 04:30:00";0;0;0;0;0;19;9;9;8;14
"2019-03-26 04:40:00";0;0;0;0;0;33;17;19;8;12
"2019-03-26 04:50:00";0;0;0;0;0;28;13;11;6;4
"2019-03-26 05:00:00";0;0;0;0;0;64;30;13;8;14
"2019-03-26 05:10:00";0;0;0;0;0;68;19;16;10;10
"2019-03-26 05:20:00";0;0;0;0;0;76;21;12;15;16
"2019-03-26 05:30:00";0;0;0;0;0;112;14;19;21;15
"2019-03-26 05:40:00";0;0;0;0;0;159;18;20;15;16
"2019-03-26 05:50:00";0;0;0;0;0;156;26;30;13;12
"2019-03-26 06:00:00";0;0;0;0;0;159;34;24;29;25
"2019-03-26 06:10:00";0;0;0;0;0;199;39;42;28;33
"2019-03-26 06:20:00";0;0;0;0;0;219;58;54;56;40
"2019-03-26 06:30:00";0;0;0;0;0;216;60;53;40;33
"2019-03-26 06:40:00";0;0;0;0;0;297;68;82;43;35
"2019-03-26 06:50:00";0;0;0;0;0;307;139;111;101;64
"2019-03-26 07:00:00";0;0;0;0;0;297;84;70;55;51
"2019-03-26 07:10:00";0;0;0;0;0;377;126;134;107;82
"2019-03-26 07:20:00";0;0;0;0;0;498;242;194;187;176
"2019-03-26 07:30:00";0;0;0;0;0;545;280;225;174;193
"2019-03-26 07:40:00";0;0;0;0;0;646;328;265;189;194
"2019-03-26 07:50:00";0;0;0;0;0;687;398;305;236;183
"2019-03-26 08:00:00";0;0;0;0;0;686;349;275;199;207
"2019-03-26 08:10:00";0;0;0;0;0;541;333;229;200;183
"2019-03-26 08:20:00";0;0;0;0;0;518;294;269;190;151
"2019-03-26 08:30:00";0;0;0;0;0;533;289;226;170;149
"2019-03-26 08:40:00";0;0;0;0;0;526;314;224;202;158
"2019-03-26 08:50:00";0;0;0;0;0;522;348;279;218;147
"2019-03-26 09:00:00";0;0;0;0;0;665;395;369;285;152
"2019-03-26 09:10:00";0;0;0;0;0;510;382;329;219;122
"2019-03-26 09:20:00";0;0;0;0;0;416;241;236;160;121
"2019-03-26 09:30:00";0;0;0;0;0;380;250;214;183;166
"2019-03-26 09:40:00";0;0;0;0;0;358;240;221;190;112
"2019-03-26 09:50:00";0;0;0;0;0;460;307;218;218;125
"2019-03-26 10:00:00";0;0;0;0;0;368;199;184;155;129
"2019-03-26 10:10:00";0;0;0;0;0;359;227;195;146;111
"2019-03-26 10:20:00";0;0;0;0;0;318;208;184;156;110
"2019-03-26 10:30:00";0;0;0;0;0;419;293;285;199;123
"2019-03-26 10:40:00";0;0;0;0;0;431;318;325;206;146
"2019-03-26 10:50:00";0;0;0;0;0;393;285;289;188;91
"2019-03-26 11:00:00";0;0;0;0;0;327;226;172;134;84
"2019-03-26 11:10:00";0;0;0;0;0;436;254;229;165;126
"2019-03-26 11:20:00";0;0;0;0;0;478;313;263;209;127
"2019-03-26 11:30:00";0;0;0;0;0;393;281;206;211;120
"2019-03-26 11:40:00";0;0;0;0;0;463;291;261;172;167
"2019-03-26 11:50:00";0;0;0;0;0;490;334;272;192;173
"2019-03-26 12:00:00";17;15;16;7;12;481;322;309;194;122
"2019-03-26 12:10:00";438;395;198;218;263;327;332;279;199;73
"2019-03-26 12:20:00";454;341;225;251;205;409;279;211;147;67
"2019-03-26 12:30:00";388;312;269;225;256;423;301;289;164;73
"2019-03-26 12:40:00";397;283;241;300;243;453;322;289;232;89
"2019-03-26 12:50:00";312;218;238;272;346;481;296;339;222;78
"2019-03-26 13:00:00";327;158;291;296;361;439;302;290;227;76
"2019-03-26 13:10:00";430;315;222;226;205;478;313;222;226;107
"2019-03-26 13:20:00";416;340;195;181;151;435;256;128;144;77
"2019-03-26 13:30:00";380;355;223;121;153;432;283;173;164;87
"2019-03-26 13:40:00";302;276;183;103;195;460;298;192;195;60
"2019-03-26 13:50:00";308;252;176;108;179;425;210;224;136;22
"2019-03-26 14:00:00";291;210;157;142;205;497;257;220;165;50
"2019-03-26 14:10:00";280;170;152;131;221;437;189;269;167;61
"2019-03-26 14:20:00";292;170;184;129;234;537;276;126;202;105
"2019-03-26 14:30:00";263;162;175;159;315;459;278;0;191;80
"2019-03-26 14:40:00";285;172;188;155;387;358;283;0;180;95
"2019-03-26 14:50:00";445;381;241;177;378;333;303;0;190;159
"2019-03-26 15:00:00";460;500;204;148;213;376;294;0;210;149
"2019-03-26 15:10:00";455;448;195;146;220;400;367;0;205;169
"2019-03-26 15:20:00";447;363;205;155;206;310;211;33;97;59
"2019-03-26 15:30:00";359;324;259;112;129;438;254;170;144;85
"2019-03-26 15:40:00";397;324;266;142;158;496;267;162;136;51
"2019-03-26 15:50:00";342;275;243;93;159;533;241;144;101;52
"2019-03-26 16:00:00";310;240;265;128;181;567;279;138;88;50
"2019-03-26 16:10:00";328;270;307;177;247;697;307;227;92;71
"2019-03-26 16:20:00";220;158;277;139;210;685;293;206;109;88
"2019-03-26 16:30:00";187;181;377;218;347;686;375;260;147;110
"2019-03-26 16:40:00";305;225;345;190;223;688;310;139;138;160
"2019-03-26 16:50:00";376;310;301;241;193;668;335;137;87;89
"2019-03-26 17:00:00";378;313;324;205;292;707;343;194;102;142
"2019-03-26 17:10:00";575;465;449;301;370;490;298;284;117;113
"2019-03-26 17:20:00";508;478;377;291;364;451;297;227;118;199
"2019-03-26 17:30:00";402;312;349;232;277;410;234;223;115;132
"2019-03-26 17:40:00";383;261;309;177;238;402;216;191;53;41
"2019-03-26 17:50:00";272;200;310;169;276;376;216;211;87;50
"2019-03-26 18:00:00";197;121;291;196;255;359;176;197;34;66
"2019-03-26 18:10:00";111;99;262;155;277;470;158;204;37;54
"2019-03-26 18:20:00";260;207;243;160;209;399;184;156;43;74
"2019-03-26 18:30:00";293;277;248;180;146;295;164;92;125;71
"2019-03-26 18:40:00";307;185;248;201;230;387;193;135;97;58
"2019-03-26 18:50:00";244;133;272;188;256;309;160;151;84;52
"2019-03-26 19:00:00";209;111;263;208;279;369;200;183;119;40
"2019-03-26 19:10:00";221;159;266;259;287;326;214;203;164;53
"2019-03-26 19:20:00";192;163;250;220;265;278;164;256;140;68
"2019-03-26 19:30:00";263;280;291;250;193;308;179;231;170;140
"2019-03-26 19:40:00";273;258;312;217;220;265;182;317;137;116
"2019-03-26 19:50:00";254;282;308;189;184;273;170;228;125;126
"2019-03-26 20:00:00";295;315;279;218;143;268;164;221;138;100
"2019-03-26 20:10:00";228;222;289;195;151;230;172;199;133;122
"2019-03-26 20:20:00";197;197;211;141;131;237;159;170;123;91
"2019-03-26 20:30:00";194;169;193;137;115;216;141;163;115;79
"2019-03-26 20:40:00";204;195;211;166;111;257;161;193;121;91
"2019-03-26 20:50:00";210;157;186;130;101;216;119;164;82;62
"2019-03-26 21:00:00";182;161;177;128;100;224;134;175;102;75
"2019-03-26 21:10:00";208;182;161;128;89;192;99;144;95;63
"2019-03-26 21:20:00";201;174;170;130;73;160;100;137;85;80
"2019-03-26 21:30:00";173;158;197;109;91;168;108;141;96;69
"2019-03-26 21:40:00";163;166;163;124;73;188;75;133;73;37
"2019-03-26 21:50:00";150;153;160;127;77;176;96;125;89;62
"2019-03-26 22:00:00";152;111;132;94;93;131;90;132;77;44
"2019-03-26 22:10:00";139;167;171;88;84;149;80;116;64;60
"2019-03-26 22:20:00";112;114;170;102;74;156;72;95;48;55
"2019-03-26 22:30:00";149;122;143;113;72;147;65;103;71;57
"2019-03-26 22:40:00";115;85;115;75;69;114;96;113;79;52
"2019-03-26 22:50:00";122;102;102;74;45;125;45;63;27;29
"2019-03-26 23:00:00";113;95;89;70;65;183;74;81;66;43
"2019-03-26 23:10:00";73;72;72;54;42;105;46;48;47;34
"2019-03-26 23:20:00";100;106;88;51;52;134;65;48;47;59
"2019-03-26 23:30:00";69;62;64;30;35;73;33;35;17;14
"2019-03-26 23:40:00";87;79;75;53;40;92;68;42;43;30
"2019-03-26 23:50:00";59;50;62;44;28;75;37;33;22;3
"2019-03-27 00:00:00";87;85;77;54;46;96;55;65;41;9
"2019-03-27 00:10:00";49;54;57;38;27;52;35;37;16;11
"2019-03-27 00:20:00";75;44;46;48;31;83;48;62;36;16
"2019-03-27 00:30:00";26;16;29;37;33;96;43;45;33;13
"2019-03-27 00:40:00";44;33;25;25;25;113;17;37;11;9
"2019-03-27 00:50:00";33;32;22;31;14;58;23;31;22;15
"2019-03-27 01:00:00";35;26;41;35;21;44;27;35;18;9
"2019-03-27 01:10:00";44;34;29;24;29;47;39;44;15;12
"2019-03-27 01:20:00";34;30;15;32;15;36;29;24;15;6
"2019-03-27 01:30:00";33;17;9;12;8;49;26;13;13;5
"2019-03-27 01:40:00";40;36;11;17;2;20;12;10;5;5
"2019-03-27 01:50:00";10;14;7;8;8;26;9;12;7;8
"2019-03-27 02:00:00";24;30;16;23;8;39;23;9;10;13
"2019-03-27 02:10:00";22;21;26;12;6;34;10;10;6;14
"2019-03-27 02:20:00";31;27;15;15;9;21;16;15;8;13
"2019-03-27 02:30:00";20;18;10;9;6;24;13;12;9;15
"2019-03-27 02:40:00";5;6;15;10;12;34;21;16;10;12
"2019-03-27 02:50:00";21;16;5;2;4;8;9;7;6;6
"2019-03-27 03:00:00";3;0;2;2;1;12;0;5;2;2
"2019-03-27 03:10:00";7;6;7;12;3;21;12;6;8;3
"2019-03-27 03:20:00";7;14;5;2;2;15;6;2;6;3
"2019-03-27 03:30:00";11;2;11;10;5;24;4;5;4;4
"2019-03-27 03:40:00";5;6;7;6;4;17;3;8;1;6
"2019-03-27 03:50:00";5;4;8;7;5;23;14;3;6;4
"2019-03-27 04:00:00";6;2;7;3;1;13;3;2;1;1
"2019-03-27 04:10:00";9;3;11;3;7;14;3;11;4;4
"2019-03-27 04:20:00";13;12;11;9;4;36;2;9;4;9
"2019-03-27 04:30:00";10;9;10;4;5;32;8;13;10;7
"2019-03-27 04:40:00";15;23;13;9;7;51;18;14;5;7
"2019-03-27 04:50:00";10;10;9;9;14;56;8;5;10;8
"2019-03-27 05:00:00";18;20;12;8;2;42;10;5;5;3
"2019-03-27 05:10:00";16;7;11;8;4;79;15;7;7;1
"2019-03-27 05:20:00";25;19;28;23;8;105;36;21;15;4
"2019-03-27 05:30:00";25;21;27;27;17;119;20;28;19;10
"2019-03-27 05:40:00";51;23;37;37;18;182;25;19;13;6
"2019-03-27 05:50:00";64;44;37;40;29;190;37;35;27;14
"2019-03-27 06:00:00";54;56;48;52;27;184;51;33;27;9
"2019-03-27 06:10:00";70;61;70;66;35;204;55;44;29;16
"2019-03-27 06:20:00";82;60;62;72;32;196;79;49;53;24
"2019-03-27 06:30:00";119;118;69;73;38;268;91;41;45;15
"2019-03-27 06:40:00";200;214;146;134;61;306;84;84;52;46
"2019-03-27 06:50:00";214;183;125;109;39;334;87;73;56;50
"2019-03-27 07:00:00";204;190;146;126;59;299;136;80;71;58
"2019-03-27 07:10:00";245;201;167;151;73;391;163;129;105;74
"2019-03-27 07:20:00";246;299;289;226;144;493;255;229;167;144
"2019-03-27 07:30:00";290;333;321;219;131;446;242;227;134;101
"2019-03-27 07:40:00";444;478;466;357;184;612;378;311;236;193
"2019-03-27 07:50:00";357;373;430;341;259;651;343;317;182;93
"2019-03-27 08:00:00";419;343;365;397;267;515;339;293;222;91
"2019-03-27 08:10:00";415;390;345;387;145;634;328;166;171;59
"2019-03-27 08:20:00";407;371;266;301;88;615;295;149;172;71
"2019-03-27 08:30:00";444;312;170;302;56;517;278;101;173;14
"2019-03-27 08:40:00";449;323;205;283;92;344;261;165;163;34
"2019-03-27 08:50:00";421;321;198;255;95;271;190;139;124;35
"2019-03-27 09:00:00";329;245;178;158;73;397;163;108;90;15
"2019-03-27 09:10:00";235;146;122;105;52;326;138;98;73;13
"2019-03-27 09:20:00";230;157;165;147;109;353;262;162;168;21
"2019-03-27 09:30:00";234;158;178;219;119;448;247;166;134;32
"2019-03-27 09:40:00";193;132;137;154;107;494;225;117;138;27
"2019-03-27 09:50:00";329;290;179;223;92;509;237;134;153;22
"2019-03-27 10:00:00";301;314;156;220;46;489;214;105;124;21
"2019-03-27 10:10:00";236;229;129;159;37;396;153;90;127;16
"2019-03-27 10:20:00";225;198;132;191;85;393;167;124;113;18
"2019-03-27 10:30:00";219;167;159;207;103;466;227;152;157;18
"2019-03-27 10:40:00";191;135;144;182;131;443;170;140;130;7
"2019-03-27 10:50:00";217;147;186;140;146;527;206;232;181;15
"2019-03-27 11:00:00";234;138;193;239;168;485;229;183;134;12
"2019-03-27 11:10:00";259;202;166;211;142;287;219;197;176;16
"2019-03-27 11:20:00";262;163;166;128;168;268;264;223;207;38
"2019-03-27 11:30:00";331;269;230;102;113;333;245;132;158;57
"2019-03-27 11:40:00";447;364;237;83;84;319;328;103;276;96
"2019-03-27 11:50:00";436;419;269;129;127;258;332;191;276;78
"2019-03-27 12:00:00";463;422;190;139;145;241;233;208;198;78
"2019-03-27 12:10:00";389;324;203;102;111;316;276;143;193;138
"2019-03-27 12:20:00";432;319;212;117;97;443;280;114;202;114
"2019-03-27 12:30:00";329;234;221;104;135;501;295;139;206;120
"2019-03-27 12:40:00";323;220;197;120;104;580;277;139;147;128
"2019-03-27 12:50:00";224;147;204;108;127;545;255;188;183;100
"2019-03-27 13:00:00";205;149;180;104;141;582;284;191;245;174
"2019-03-27 13:10:00";188;95;153;94;118;548;241;139;155;90
"2019-03-27 13:20:00";233;121;102;86;34;517;173;52;104;56
"2019-03-27 13:30:00";282;187;150;85;88;565;211;95;111;71
"2019-03-27 13:40:00";364;364;167;101;107;438;238;154;144;104
"2019-03-27 13:50:00";401;348;256;127;128;381;270;194;154;131
"2019-03-27 14:00:00";398;333;201;169;129;397;262;164;162;107
"2019-03-27 14:10:00";387;335;228;201;172;451;217;195;166;51
"2019-03-27 14:20:00";352;259;219;193;124;434;253;165;149;64
"2019-03-27 14:30:00";258;170;199;178;191;512;227;194;140;84
"2019-03-27 14:40:00";217;124;187;150;262;618;246;271;112;32
"2019-03-27 14:50:00";231;109;236;151;240;584;302;291;171;41
"2019-03-27 15:00:00";334;312;196;127;117;622;241;165;112;68
"2019-03-27 15:10:00";363;366;241;192;137;704;289;176;121;88
"2019-03-27 15:20:00";297;266;156;143;143;644;228;187;108;73
"2019-03-27 15:30:00";303;214;203;197;154;660;278;181;131;78
"2019-03-27 15:40:00";288;244;163;206;204;574;260;204;112;93
"2019-03-27 15:50:00";242;175;172;200;255;481;204;265;103;49
"2019-03-27 16:00:00";272;204;212;189;272;563;189;263;97;66
"2019-03-27 16:10:00";302;208;210;263;310;478;263;328;99;108
"2019-03-27 16:20:00";398;283;223;247;371;304;299;351;130;107
"2019-03-27 16:30:00";262;229;296;288;374;352;254;325;128;64
"2019-03-27 16:40:00";544;428;291;402;374;412;330;375;131;113
"2019-03-27 16:50:00";502;438;213;281;253;384;260;225;133;152
"2019-03-27 17:00:00";592;528;282;356;374;336;239;296;107;89
"2019-03-27 17:10:00";569;498;355;397;394;353;242;299;122;148
"2019-03-27 17:20:00";464;380;309;408;433;412;242;345;130;94
"2019-03-27 17:30:00";483;390;237;366;376;515;260;248;162;59
"2019-03-27 17:40:00";332;305;228;270;314;515;237;239;128;44
"2019-03-27 17:50:00";211;177;220;228;309;533;200;223;105;27
"2019-03-27 18:00:00";174;139;207;223;258;493;189;241;167;83
"2019-03-27 18:10:00";142;91;209;218;222;426;157;215;106;27
"2019-03-27 18:20:00";186;93;196;233;234;435;157;233;127;44
"2019-03-27 18:30:00";246;155;234;216;130;343;158;148;98;57
"2019-03-27 18:40:00";269;143;220;213;164;424;137;151;101;22
"2019-03-27 18:50:00";248;211;237;189;167;333;155;132;105;29
"2019-03-27 19:00:00";265;186;271;262;246;398;161;206;95;45
"2019-03-27 19:10:00";270;181;268;263;313;408;210;286;158;35
"2019-03-27 19:20:00";276;279;254;248;252;381;223;341;187;96
"2019-03-27 19:30:00";303;263;297;264;267;339;275;317;210;122
"2019-03-27 19:40:00";284;237;233;216;246;369;218;212;250;107
"2019-03-27 19:50:00";221;180;256;172;232;320;176;180;173;85
"2019-03-27 20:00:00";299;261;307;230;229;336;233;292;201;129
"2019-03-27 20:10:00";258;284;282;194;164;324;229;227;130;110
"2019-03-27 20:20:00";281;239;221;173;126;244;141;176;105;105
"2019-03-27 20:30:00";268;245;245;161;138;210;170;184;95;63
"2019-03-27 20:40:00";275;263;273;172;131;223;168;194;89;73
"2019-03-27 20:50:00";176;144;182;161;132;302;213;147;98;38
"2019-03-27 21:00:00";224;169;183;149;85;234;143;141;79;59
"2019-03-27 21:10:00";224;170;240;138;129;256;148;174;100;54
"2019-03-27 21:20:00";125;87;151;124;130;163;162;138;70;18
"2019-03-27 21:30:00";216;210;187;156;102;251;168;154;101;68
"2019-03-27 21:40:00";197;193;158;121;76;204;122;117;89;62
"2019-03-27 21:50:00";177;192;210;131;90;204;133;119;95;65
"2019-03-27 22:00:00";174;176;197;133;66;189;98;116;81;47
"2019-03-27 22:10:00";120;145;164;107;57;185;95;92;67;61
"2019-03-27 22:20:00";155;132;130;115;65;163;94;91;63;42
"2019-03-27 22:30:00";121;128;109;88;56;151;91;73;51;31
"2019-03-27 22:40:00";124;99;98;89;44;152;78;68;54;46
"2019-03-27 22:50:00";50;65;79;59;57;121;89;71;49;53
"2019-03-27 23:00:00";73;88;106;56;54;176;100;71;57;42
"2019-03-27 23:10:00";103;126;110;68;47;134;90;70;55;43
"2019-03-27 23:20:00";69;59;74;70;37;129;97;46;38;18
"2019-03-27 23:30:00";56;62;67;40;28;84;48;21;11;8
"2019-03-27 23:40:00";47;55;37;46;19;97;59;13;26;11
"2019-03-27 23:50:00";55;36;45;39;18;71;53;19;15;6
"2019-03-28 00:00:00";81;85;62;68;37;79;84;32;29;11
"2019-03-28 00:10:00";64;91;46;49;29;68;38;24;16;2
"2019-03-28 00:20:00";55;57;46;33;30;51;37;27;11;4
"2019-03-28 00:30:00";33;42;31;38;32;83;56;40;37;15
"2019-03-28 00:40:00";56;44;52;43;42;121;58;45;37;14
"2019-03-28 00:50:00";33;24;53;39;19;75;37;24;20;9
"2019-03-28 01:00:00";21;22;33;20;17;81;25;21;24;10
"2019-03-28 01:10:00";42;50;17;15;11;39;12;13;12;8
"2019-03-28 01:20:00";32;27;29;33;13;39;16;9;11;9
"2019-03-28 01:30:00";28;32;28;15;5;51;18;4;5;8
"2019-03-28 01:40:00";21;15;14;17;13;35;4;13;5;2
"2019-03-28 01:50:00";19;41;10;11;8;37;22;13;6;5
"2019-03-28 02:00:00";12;3;18;15;10;20;13;14;9;7
"2019-03-28 02:10:00";16;17;18;13;7;19;9;4;5;7
"2019-03-28 02:20:00";16;9;11;11;8;31;17;17;10;8
"2019-03-28 02:30:00";27;25;26;22;15;29;22;14;12;15
"2019-03-28 02:40:00";10;11;11;20;9;22;10;11;3;5
"2019-03-28 02:50:00";16;18;5;6;8;27;11;10;9;2
"2019-03-28 03:00:00";24;25;12;16;5;13;7;6;5;0
"2019-03-28 03:10:00";17;26;17;15;12;16;9;10;7;7
"2019-03-28 03:20:00";10;17;6;7;6;18;6;8;5;5
"2019-03-28 03:30:00";12;9;11;12;4;17;8;4;3;2
"2019-03-28 03:40:00";6;5;7;4;7;16;5;4;2;1
"2019-03-28 03:50:00";4;5;4;1;6;19;11;7;0;1
"2019-03-28 04:00:00";14;5;5;13;1;30;4;4;6;1
"2019-03-28 04:10:00";9;12;11;10;7;31;12;10;8;7
"2019-03-28 04:20:00";3;3;6;11;1;17;4;1;5;3
"2019-03-28 04:30:00";12;6;8;8;12;24;10;11;8;6
"2019-03-28 04:40:00";21;18;19;11;15;57;17;16;9;6
"2019-03-28 04:50:00";14;20;23;25;9;37;27;9;14;2
"2019-03-28 05:00:00";18;22;16;11;2;49;15;1;5;2
"2019-03-28 05:10:00";13;12;11;9;5;50;19;6;13;6
"2019-03-28 05:20:00";29;25;21;24;16;66;27;12;14;6
"2019-03-28 05:30:00";37;25;30;24;6;84;18;13;11;4
"2019-03-28 05:40:00";42;54;33;27;20;187;37;17;14;8
"2019-03-28 05:50:00";53;52;25;40;43;193;32;33;19;11
"2019-03-28 06:00:00";65;68;49;47;34;175;49;41;38;17
"2019-03-28 06:10:00";55;51;60;64;28;185;46;32;26;14
"2019-03-28 06:20:00";66;49;63;81;41;201;57;51;38;20
"2019-03-28 06:30:00";99;119;75;63;30;251;81;47;56;23
"2019-03-28 06:40:00";163;152;95;82;44;333;84;60;57;31
"2019-03-28 06:50:00";208;191;155;131;94;293;121;128;107;60
"2019-03-28 07:00:00";199;167;136;127;58;298;105;90;72;47
"2019-03-28 07:10:00";231;214;172;151;70;385;133;133;129;110
"2019-03-28 07:20:00";251;294;219;197;93;437;197;138;145;129
"2019-03-28 07:30:00";342;277;262;250;183;554;285;234;185;80
"2019-03-28 07:40:00";412;339;401;347;413;441;476;352;267;59
"2019-03-28 07:50:00";390;308;426;393;423;359;449;417;343;67
"2019-03-28 08:00:00";387;341;271;356;342;470;327;311;243;39
"2019-03-28 08:10:00";444;413;276;355;130;351;307;196;181;53
"2019-03-28 08:20:00";504;499;234;344;112;392;352;160;194;48
"2019-03-28 08:30:00";454;402;172;257;82;251;245;135;135;29
"2019-03-28 08:40:00";390;349;216;312;101;310;262;176;155;23
"2019-03-28 08:50:00";419;264;178;229;101;202;246;167;141;19
"2019-03-28 09:00:00";345;266;153;150;70;295;210;104;170;23
"2019-03-28 09:10:00";320;263;189;107;76;483;240;125;135;41
"2019-03-28 09:20:00";186;146;120;72;33;525;183;58;102;39
"2019-03-28 09:30:00";146;77;126;105;38;458;155;72;67;24
"2019-03-28 09:40:00";134;80;137;106;77;499;206;130;107;17
"2019-03-28 09:50:00";216;178;151;104;35;523;155;74;82;55
"2019-03-28 10:00:00";199;137;145;84;15;509;152;42;97;35
"2019-03-28 10:10:00";286;246;90;169;49;49;17;0;10;3
"2019-03-28 10:20:00";320;317;130;259;95;0;0;0;0;0
"2019-03-28 10:30:00";274;247;187;190;80;0;0;0;0;0
"2019-03-28 10:40:00";209;124;111;83;66;0;0;0;0;0
"2019-03-28 10:50:00";164;115;111;76;59;0;0;0;0;0
"2019-03-28 11:00:00";107;75;103;60;31;0;0;0;0;0
"2019-03-28 11:10:00";160;183;158;104;94;0;0;0;0;0
"2019-03-28 11:20:00";444;392;290;292;245;0;0;1;0;0
"2019-03-28 11:30:00";415;476;255;260;181;10;14;8;3;2
"2019-03-28 11:40:00";389;268;237;99;44;0;0;0;0;0
"2019-03-28 11:50:00";404;333;323;127;85;0;0;0;0;0
"2019-03-28 12:00:00";395;303;364;126;108;0;0;0;0;0
"2019-03-28 12:10:00";428;236;349;115;162;0;0;0;0;0
"2019-03-28 12:20:00";358;222;313;124;142;0;0;0;0;0
"2019-03-28 12:30:00";255;178;258;113;159;0;0;0;0;0
"2019-03-28 12:40:00";317;198;250;153;180;0;0;0;0;0
"2019-03-28 12:50:00";352;220;247;125;191;0;0;0;0;0
"2019-03-28 13:00:00";376;248;248;135;225;0;0;0;0;0
"2019-03-28 13:10:00";401;280;380;163;159;0;0;0;0;0
"2019-03-28 13:20:00";468;435;355;183;128;0;0;0;0;0
"2019-03-28 13:30:00";384;350;348;159;142;0;0;0;0;0
"2019-03-28 13:40:00";415;474;372;141;186;0;0;0;0;0
"2019-03-28 13:50:00";371;387;294;130;130;0;0;0;0;0
"2019-03-28 14:00:00";394;358;309;115;145;0;0;0;0;0
"2019-03-28 14:10:00";373;322;304;114;120;0;0;0;0;0
"2019-03-28 14:20:00";398;305;315;116;141;0;0;0;0;0
"2019-03-28 14:30:00";325;240;341;107;87;0;0;0;0;0
"2019-03-28 14:40:00";277;163;253;74;135;0;0;0;0;0
"2019-03-28 14:50:00";197;144;326;68;145;0;0;0;0;0
"2019-03-28 15:00:00";367;276;387;89;94;0;0;0;0;0
"2019-03-28 15:10:00";399;299;391;78;58;0;0;0;0;0
"2019-03-28 15:20:00";441;377;313;79;119;0;0;0;0;0
"2019-03-28 15:30:00";463;467;332;238;291;0;0;0;0;0
"2019-03-28 15:40:00";520;413;307;227;335;0;0;0;0;0
"2019-03-28 15:50:00";437;417;229;184;213;0;0;0;0;0
"2019-03-28 16:00:00";450;333;292;191;263;0;0;0;0;0
"2019-03-28 16:10:00";556;540;388;295;361;0;0;0;0;0
"2019-03-28 16:20:00";418;312;262;179;255;0;0;0;0;0
"2019-03-28 16:30:00";474;467;404;257;417;0;0;0;0;0
"2019-03-28 16:40:00";593;522;419;355;380;0;0;0;0;0
"2019-03-28 16:50:00";542;469;400;322;345;0;0;0;0;0
"2019-03-28 17:00:00";569;498;531;320;268;0;0;0;0;0
"2019-03-28 17:10:00";495;400;316;404;271;0;0;0;0;0
"2019-03-28 17:20:00";421;366;308;393;382;0;0;0;0;0
"2019-03-28 17:30:00";423;346;418;408;411;0;0;0;0;0
"2019-03-28 17:40:00";322;281;327;350;389;0;0;0;0;0
"2019-03-28 17:50:00";304;282;291;318;341;0;0;0;0;0
"2019-03-28 18:00:00";333;340;230;271;313;0;0;0;0;0
"2019-03-28 18:10:00";291;240;360;269;326;0;0;0;0;0
"2019-03-28 18:20:00";264;214;276;300;272;0;0;0;0;0
"2019-03-28 18:30:00";345;390;214;216;143;0;0;0;0;0
"2019-03-28 18:40:00";381;327;269;265;158;0;0;0;0;0
"2019-03-28 18:50:00";308;271;242;234;248;0;0;0;0;0
"2019-03-28 19:00:00";292;195;297;217;257;0;0;0;0;0
"2019-03-28 19:10:00";316;276;328;248;211;0;0;0;0;0
"2019-03-28 19:20:00";336;371;324;229;199;0;0;0;0;0
"2019-03-28 19:30:00";359;394;325;268;194;0;0;0;0;0
"2019-03-28 19:40:00";334;392;363;215;154;0;0;0;0;0
"2019-03-28 19:50:00";266;288;249;178;137;0;0;0;0;0
"2019-03-28 20:00:00";302;326;293;220;99;0;0;0;0;0
"2019-03-28 20:10:00";269;284;295;190;135;0;0;0;0;0
"2019-03-28 20:20:00";276;227;281;189;109;0;0;0;0;0
"2019-03-28 20:30:00";299;204;277;176;105;0;0;0;0;0
"2019-03-28 20:40:00";231;173;234;210;97;0;0;0;0;0
"2019-03-28 20:50:00";225;155;221;184;79;0;0;0;0;0
"2019-03-28 21:00:00";259;203;209;211;56;0;0;0;0;0
"2019-03-28 21:10:00";240;206;212;184;71;0;0;0;0;0
"2019-03-28 21:20:00";230;166;200;179;70;0;0;0;0;0
"2019-03-28 21:30:00";182;141;188;134;59;0;0;0;0;0
"2019-03-28 21:40:00";215;205;240;173;81;0;0;0;0;0
"2019-03-28 21:50:00";162;178;164;129;75;0;0;0;0;0
"2019-03-28 22:00:00";201;200;217;137;77;0;0;0;0;0
"2019-03-28 22:10:00";225;251;256;180;78;0;0;0;0;0
"2019-03-28 22:20:00";175;233;209;143;59;0;0;0;0;0
"2019-03-28 22:30:00";167;197;174;156;84;0;0;0;0;0
"2019-03-28 22:40:00";95;114;136;114;63;0;0;0;0;0
"2019-03-28 22:50:00";125;133;157;129;65;0;0;0;0;0
"2019-03-28 23:00:00";108;111;138;110;64;0;0;0;0;0
"2019-03-28 23:10:00";80;116;112;80;55;0;0;0;0;0
"2019-03-28 23:20:00";93;85;131;98;48;0;0;0;0;0
"2019-03-28 23:30:00";69;76;86;77;28;0;0;0;0;0
"2019-03-28 23:40:00";66;98;48;61;27;0;0;0;0;0
"2019-03-28 23:50:00";109;82;67;94;32;0;0;0;0;0
"2019-03-29 00:00:00";108;139;87;95;35;0;0;0;0;0
"2019-03-29 00:10:00";51;79;39;70;26;0;0;0;0;0
"2019-03-29 00:20:00";59;76;60;69;48;0;0;0;0;0
"2019-03-29 00:30:00";63;53;57;80;31;0;0;0;0;0
"2019-03-29 00:40:00";70;55;87;55;25;0;0;0;0;0
"2019-03-29 00:50:00";49;42;97;51;24;0;0;0;0;0
"2019-03-29 01:00:00";60;72;83;65;20;0;0;0;0;0
"2019-03-29 01:10:00";38;50;56;32;9;0;0;0;0;0
"2019-03-29 01:20:00";34;51;76;34;16;0;0;0;0;0
"2019-03-29 01:30:00";28;24;23;20;11;0;0;0;0;0
"2019-03-29 01:40:00";53;56;41;37;16;0;0;0;0;0
"2019-03-29 01:50:00";31;52;33;28;10;0;0;0;0;0
"2019-03-29 02:00:00";29;51;32;23;9;0;0;0;0;0
"2019-03-29 02:10:00";10;19;7;6;3;0;0;0;0;0
"2019-03-29 02:20:00";25;32;31;32;11;0;0;0;0;0
"2019-03-29 02:30:00";32;37;15;14;10;0;0;0;0;0
"2019-03-29 02:40:00";28;25;23;19;16;0;0;0;0;0
"2019-03-29 02:50:00";32;19;23;25;7;0;0;0;0;0
"2019-03-29 03:00:00";15;17;17;12;5;0;0;0;0;0
"2019-03-29 03:10:00";14;17;14;7;5;0;0;0;0;0
"2019-03-29 03:20:00";16;19;25;10;5;0;0;0;0;0
"2019-03-29 03:30:00";23;20;11;13;6;0;0;0;0;0
"2019-03-29 03:40:00";9;6;10;4;4;0;0;0;0;0
"2019-03-29 03:50:00";5;9;11;7;7;0;0;0;0;0
"2019-03-29 04:00:00";12;10;9;6;5;0;0;0;0;0
"2019-03-29 04:10:00";12;2;10;8;4;0;0;0;0;0
"2019-03-29 04:20:00";10;9;9;2;11;0;0;0;0;0
"2019-03-29 04:30:00";14;9;7;2;3;0;0;0;0;0
"2019-03-29 04:40:00";16;20;19;10;9;0;0;0;0;0
"2019-03-29 04:50:00";17;26;13;10;5;0;0;0;0;0
"2019-03-29 05:00:00";31;43;31;20;14;0;0;0;0;0
"2019-03-29 05:10:00";11;17;13;10;5;0;0;0;0;0
"2019-03-29 05:20:00";35;29;21;14;7;0;0;0;0;0
"2019-03-29 05:30:00";46;61;29;32;13;0;0;0;0;0
"2019-03-29 05:40:00";28;36;20;10;10;0;0;0;0;0
"2019-03-29 05:50:00";28;33;31;34;14;0;0;0;0;0
"2019-03-29 06:00:00";38;50;40;21;22;0;0;0;0;0
"2019-03-29 06:10:00";59;57;60;54;22;0;0;0;0;0
"2019-03-29 06:20:00";56;52;45;43;18;0;0;0;0;0
"2019-03-29 06:30:00";92;85;58;63;14;0;0;0;0;0
"2019-03-29 06:40:00";146;178;135;120;35;0;0;0;0;0
"2019-03-29 06:50:00";179;171;129;114;39;0;0;0;0;0
"2019-03-29 07:00:00";192;156;132;149;52;0;0;0;0;0
"2019-03-29 07:10:00";217;179;190;166;45;0;0;0;0;0
"2019-03-29 07:20:00";247;226;226;192;74;0;0;0;0;0
"2019-03-29 07:30:00";332;300;140;283;144;0;0;0;0;0
"2019-03-29 07:40:00";382;298;169;278;235;0;0;0;0;0
"2019-03-29 07:50:00";406;307;212;364;233;0;0;0;0;0
"2019-03-29 08:00:00";431;332;234;356;172;0;0;0;0;0
"2019-03-29 08:10:00";493;375;394;306;83;0;0;0;0;0
"2019-03-29 08:20:00";447;389;356;301;107;0;0;0;0;0
"2019-03-29 08:30:00";402;312;306;291;117;0;0;0;0;0
"2019-03-29 08:40:00";412;316;248;312;123;0;0;0;0;0
"2019-03-29 08:50:00";334;239;365;248;141;0;0;0;0;0
"2019-03-29 09:00:00";301;209;221;189;144;0;0;0;0;0
"2019-03-29 09:10:00";286;200;253;202;139;0;0;0;0;0
"2019-03-29 09:20:00";319;237;163;235;170;0;0;0;0;0
"2019-03-29 09:30:00";295;240;200;235;154;0;0;0;0;0
"2019-03-29 09:40:00";320;266;191;299;196;0;0;0;0;0
"2019-03-29 09:50:00";335;321;232;337;181;0;0;0;0;0
"2019-03-29 10:00:00";130;97;35;36;15;0;0;0;0;0
"2019-03-29 10:10:00";171;133;42;43;33;0;0;0;0;0
"2019-03-29 10:20:00";319;337;226;102;111;0;0;0;0;0
"2019-03-29 10:30:00";290;312;224;131;109;0;0;0;0;0
"2019-03-29 10:40:00";285;253;223;145;177;0;0;0;0;0
"2019-03-29 10:50:00";331;318;160;283;197;0;0;0;0;0
"2019-03-29 11:00:00";385;308;147;323;219;0;0;0;0;0
"2019-03-29 11:10:00";332;264;285;281;169;0;0;0;0;0
"2019-03-29 11:20:00";293;224;315;248;122;0;0;0;0;0
"2019-03-29 11:30:00";406;318;300;249;114;0;0;0;0;0
"2019-03-29 11:40:00";460;380;288;230;88;0;0;0;0;0
"2019-03-29 11:50:00";548;524;300;218;155;0;0;0;0;0
"2019-03-29 12:00:00";553;492;330;187;115;0;0;0;0;0
"2019-03-29 12:10:00";572;458;408;231;232;0;0;0;0;0
"2019-03-29 12:20:00";620;551;395;348;312;0;0;0;0;0
"2019-03-29 12:30:00";574;446;435;347;290;0;0;0;0;0
"2019-03-29 12:40:00";641;533;418;363;349;0;0;0;0;0
"2019-03-29 12:50:00";610;506;403;359;376;0;0;0;0;0
"2019-03-29 13:00:00";495;407;412;398;332;0;0;0;0;0
"2019-03-29 13:10:00";461;378;361;372;224;0;0;0;0;0
"2019-03-29 13:20:00";492;377;297;338;130;0;0;0;0;0
"2019-03-29 13:30:00";430;439;310;286;126;0;0;0;0;0
"2019-03-29 13:40:00";430;376;281;337;214;0;0;0;0;0
"2019-03-29 13:50:00";377;358;258;274;178;0;0;0;0;0
"2019-03-29 14:00:00";449;363;302;354;319;0;0;0;0;0
"2019-03-29 14:10:00";331;251;330;302;277;0;0;0;0;0
"2019-03-29 14:20:00";346;244;338;322;334;0;0;0;0;0
"2019-03-29 14:30:00";384;369;305;359;342;0;0;0;0;0
"2019-03-29 14:40:00";338;307;307;320;341;0;0;0;0;0
"2019-03-29 14:50:00";373;320;345;396;341;0;0;0;0;0
"2019-03-29 15:00:00";560;462;318;397;214;0;0;0;0;0
"2019-03-29 15:10:00";626;551;320;323;161;0;0;0;0;0
"2019-03-29 15:20:00";595;605;369;440;203;0;0;0;0;0
"2019-03-29 15:30:00";592;529;406;396;298;0;0;0;0;0
"2019-03-29 15:40:00";591;436;399;401;333;0;0;0;0;0
"2019-03-29 15:50:00";529;475;434;424;307;0;0;0;0;0
"2019-03-29 16:00:00";523;439;475;456;353;0;0;0;0;0
"2019-03-29 16:10:00";433;384;463;510;355;0;0;0;0;0
"2019-03-29 16:20:00";557;424;482;528;351;0;0;0;0;0
"2019-03-29 16:30:00";512;416;567;568;342;0;0;0;0;0
"2019-03-29 16:40:00";571;448;605;624;400;0;0;0;0;0
"2019-03-29 16:50:00";615;552;418;448;264;0;0;0;0;0
"2019-03-29 17:00:00";655;488;548;398;323;0;0;0;0;0
"2019-03-29 17:10:00";667;521;419;283;215;0;0;0;0;0
"2019-03-29 17:20:00";597;489;382;258;287;0;0;0;0;0
"2019-03-29 17:30:00";520;417;487;346;332;0;0;0;0;0
"2019-03-29 17:40:00";472;483;466;292;310;0;0;0;0;0
"2019-03-29 17:50:00";465;445;401;251;344;0;0;0;0;0
"2019-03-29 18:00:00";412;435;465;346;353;0;0;0;0;0
"2019-03-29 18:10:00";392;456;451;403;324;0;0;0;0;0
"2019-03-29 18:20:00";487;465;546;475;353;0;0;0;0;0
"2019-03-29 18:30:00";420;454;485;315;222;0;0;0;0;0
"2019-03-29 18:40:00";515;498;420;269;258;0;0;0;0;0
"2019-03-29 18:50:00";538;532;486;302;165;0;0;0;0;0
"2019-03-29 19:00:00";427;508;478;331;181;0;0;0;0;0
"2019-03-29 19:10:00";465;496;551;314;173;0;0;0;0;0
"2019-03-29 19:20:00";476;434;496;280;209;0;0;0;0;0
"2019-03-29 19:30:00";490;467;457;309;130;0;0;0;0;0
"2019-03-29 19:40:00";377;439;396;250;130;0;0;0;0;0
"2019-03-29 19:50:00";358;350;392;294;139;0;0;0;0;0
"2019-03-29 20:00:00";365;366;428;278;182;0;0;0;0;0
"2019-03-29 20:10:00";267;307;365;252;184;0;0;0;0;0
"2019-03-29 20:20:00";303;268;288;211;125;0;0;0;0;0
"2019-03-29 20:30:00";300;283;348;234;133;0;0;0;0;0
"2019-03-29 20:40:00";264;256;316;212;93;0;0;0;0;0
"2019-03-29 20:50:00";318;308;285;191;111;0;0;0;0;0
"2019-03-29 21:00:00";257;250;285;187;96;0;0;0;0;0
"2019-03-29 21:10:00";300;325;273;207;103;0;0;0;0;0
"2019-03-29 21:20:00";307;294;261;179;122;0;0;0;0;0
"2019-03-29 21:30:00";245;253;251;174;104;0;0;0;0;0
"2019-03-29 21:40:00";242;248;241;144;114;0;0;0;0;0
"2019-03-29 21:50:00";252;208;205;178;106;0;0;0;0;0
"2019-03-29 22:00:00";252;255;294;198;146;0;0;0;0;0
"2019-03-29 22:10:00";243;197;290;214;125;0;0;0;0;0
"2019-03-29 22:20:00";235;189;237;136;110;0;0;0;0;0
"2019-03-29 22:30:00";251;272;226;193;128;0;0;0;0;0
"2019-03-29 22:40:00";228;219;203;175;90;0;0;0;0;0
"2019-03-29 22:50:00";255;252;238;181;112;0;0;0;0;0
"2019-03-29 23:00:00";197;204;229;164;89;0;0;0;0;0
"2019-03-29 23:10:00";199;215;241;153;81;0;0;0;0;0
"2019-03-29 23:20:00";193;203;195;147;95;0;0;0;0;0
"2019-03-29 23:30:00";216;247;173;182;71;0;0;0;0;0
"2019-03-29 23:40:00";160;170;183;134;65;0;0;0;0;0
"2019-03-29 23:50:00";167;162;201;139;58;0;0;0;0;0
"2019-03-30 00:00:00";189;190;204;118;46;0;0;0;0;0
"2019-03-30 00:10:00";131;130;120;85;37;0;0;0;0;0
"2019-03-30 00:20:00";125;139;173;104;65;0;0;0;0;0
"2019-03-30 00:30:00";134;142;188;82;49;0;0;0;0;0
"2019-03-30 00:40:00";132;99;168;87;50;0;0;0;0;0
"2019-03-30 00:50:00";106;111;178;81;49;0;0;0;0;0
"2019-03-30 01:00:00";115;111;164;94;52;0;0;0;0;0
"2019-03-30 01:10:00";119;113;154;108;42;0;0;0;0;0
"2019-03-30 01:20:00";117;101;111;66;50;0;0;0;0;0
"2019-03-30 01:30:00";149;153;136;100;42;0;0;0;0;0
"2019-03-30 01:40:00";127;106;104;93;47;0;0;0;0;0
"2019-03-30 01:50:00";95;101;85;92;40;0;0;0;0;0
"2019-03-30 02:00:00";90;100;108;74;26;0;0;0;0;0
"2019-03-30 02:10:00";94;64;65;61;30;0;0;0;0;0
"2019-03-30 02:20:00";93;95;91;74;29;0;0;0;0;0
"2019-03-30 02:30:00";81;75;86;74;29;0;0;0;0;0
"2019-03-30 02:40:00";91;120;75;72;39;0;0;0;0;0
"2019-03-30 02:50:00";94;97;54;81;23;0;0;0;0;0
"2019-03-30 03:00:00";121;152;114;85;36;0;0;0;0;0
"2019-03-30 03:10:00";86;68;39;42;18;0;0;0;0;0
"2019-03-30 03:20:00";35;42;37;38;16;0;0;0;0;0
"2019-03-30 03:30:00";47;41;31;30;21;0;0;0;0;0
"2019-03-30 03:40:00";43;30;30;17;14;0;0;0;0;0
"2019-03-30 03:50:00";33;31;29;20;19;0;0;0;0;0
"2019-03-30 04:00:00";27;32;24;13;9;0;0;0;0;0
"2019-03-30 04:10:00";17;13;35;14;9;0;0;0;0;0
"2019-03-30 04:20:00";23;27;18;12;9;0;0;0;0;0
"2019-03-30 04:30:00";22;13;23;23;10;0;0;0;0;0
"2019-03-30 04:40:00";24;21;31;12;10;0;0;0;0;0
"2019-03-30 04:50:00";12;12;6;1;10;0;0;0;0;0
"2019-03-30 05:00:00";22;24;5;3;2;0;0;0;0;0
"2019-03-30 05:10:00";23;9;20;11;10;0;0;0;0;0
"2019-03-30 05:20:00";20;7;18;8;4;0;0;0;0;0
"2019-03-30 05:30:00";22;5;21;25;8;0;0;0;0;0
"2019-03-30 05:40:00";34;21;18;16;8;0;0;0;0;0
"2019-03-30 05:50:00";24;22;19;7;10;0;0;0;0;0
"2019-03-30 06:00:00";25;26;29;21;7;0;0;0;0;0
"2019-03-30 06:10:00";19;6;24;17;11;0;0;0;0;0
"2019-03-30 06:20:00";33;29;25;22;11;0;0;0;0;0
"2019-03-30 06:30:00";48;33;28;25;18;0;0;0;0;0
"2019-03-30 06:40:00";38;23;23;36;13;0;0;0;0;0
"2019-03-30 06:50:00";56;59;31;38;22;0;0;0;0;0
"2019-03-30 07:00:00";48;36;40;35;17;0;0;0;0;0
"2019-03-30 07:10:00";55;66;70;46;51;0;0;0;0;0
"2019-03-30 07:20:00";73;95;70;58;37;0;0;0;0;0
"2019-03-30 07:30:00";83;89;73;50;47;0;0;0;0;0
"2019-03-30 07:40:00";88;77;85;43;47;0;0;0;0;0
"2019-03-30 07:50:00";101;139;104;55;76;0;0;0;0;0
"2019-03-30 08:00:00";110;129;75;60;50;0;0;0;0;0
"2019-03-30 08:10:00";126;126;101;79;60;0;0;0;0;0
"2019-03-30 08:20:00";116;181;115;85;85;0;0;0;0;0
"2019-03-30 08:30:00";101;144;86;100;41;0;0;0;0;0
"2019-03-30 08:40:00";146;153;112;100;102;0;0;0;0;0
"2019-03-30 08:50:00";152;165;116;121;59;0;0;0;0;0
"2019-03-30 09:00:00";126;105;76;104;48;0;0;0;0;0
"2019-03-30 09:10:00";162;157;95;79;52;0;0;0;0;0
"2019-03-30 09:20:00";161;167;84;71;65;0;0;0;0;0
"2019-03-30 09:30:00";173;190;113;109;86;0;0;0;0;0
"2019-03-30 09:40:00";202;221;128;119;79;0;0;0;0;0
"2019-03-30 09:50:00";287;314;226;175;129;0;0;0;0;0
"2019-03-30 10:00:00";214;253;193;146;108;0;0;0;0;0
"2019-03-30 10:10:00";219;227;160;162;104;0;0;0;0;0
"2019-03-30 10:20:00";220;284;151;133;123;0;0;0;0;0
"2019-03-30 10:30:00";217;271;194;180;119;0;0;0;0;0
"2019-03-30 10:40:00";270;305;194;161;120;0;0;0;0;0
"2019-03-30 10:50:00";255;293;187;182;146;0;0;0;0;0
"2019-03-30 11:00:00";284;359;222;186;212;0;0;0;0;0
"2019-03-30 11:10:00";302;344;287;202;206;0;0;0;0;0
"2019-03-30 11:20:00";288;353;219;192;188;0;0;0;0;0
"2019-03-30 11:30:00";275;341;247;223;204;0;0;0;0;0
"2019-03-30 11:40:00";346;346;277;276;226;0;0;0;0;0
"2019-03-30 11:50:00";410;446;278;287;203;0;0;0;0;0
"2019-03-30 12:00:00";413;444;346;286;253;0;0;0;0;0
"2019-03-30 12:10:00";325;386;302;256;276;0;0;0;0;0
"2019-03-30 12:20:00";382;427;344;306;272;0;0;0;0;0
"2019-03-30 12:30:00";347;384;357;271;326;0;0;0;0;0
"2019-03-30 12:40:00";430;456;354;327;360;0;0;0;0;0
"2019-03-30 12:50:00";428;425;409;289;323;0;0;0;0;0
"2019-03-30 13:00:00";385;462;335;294;316;0;0;0;0;0
"2019-03-30 13:10:00";362;414;324;245;242;0;0;0;0;0
"2019-03-30 13:20:00";462;453;431;348;290;0;0;0;0;0
"2019-03-30 13:30:00";370;390;308;244;278;0;0;0;0;0
"2019-03-30 13:40:00";429;486;375;279;270;0;0;0;0;0
"2019-03-30 13:50:00";466;500;385;293;335;0;0;0;0;0
"2019-03-30 14:00:00";457;506;432;313;336;0;0;0;0;0
"2019-03-30 14:10:00";487;472;409;363;352;0;0;0;0;0
"2019-03-30 14:20:00";394;438;410;331;300;0;0;0;0;0
"2019-03-30 14:30:00";396;452;408;281;306;0;0;0;0;0
"2019-03-30 14:40:00";428;456;438;327;406;0;0;0;0;0
"2019-03-30 14:50:00";428;471;416;305;336;0;0;0;0;0
"2019-03-30 15:00:00";465;473;520;306;333;0;0;0;0;0
"2019-03-30 15:10:00";368;421;388;284;313;0;0;0;0;0
"2019-03-30 15:20:00";519;481;432;329;286;0;0;0;0;0
"2019-03-30 15:30:00";469;426;401;322;308;0;0;0;0;0
"2019-03-30 15:40:00";507;496;398;328;338;0;0;0;0;0
"2019-03-30 15:50:00";535;487;396;322;325;0;0;0;0;0
"2019-03-30 16:00:00";499;465;394;369;421;0;0;0;0;0
"2019-03-30 16:10:00";512;463;517;332;398;0;0;0;0;0
"2019-03-30 16:20:00";421;483;463;325;329;0;0;0;0;0
"2019-03-30 16:30:00";483;467;477;340;329;0;0;0;0;0
"2019-03-30 16:40:00";473;478;371;307;334;0;0;0;0;0
"2019-03-30 16:50:00";493;462;371;282;379;0;0;0;0;0
"2019-03-30 17:00:00";515;491;375;335;390;0;0;0;0;0
"2019-03-30 17:10:00";376;382;338;232;229;0;0;0;0;0
"2019-03-30 17:20:00";494;473;346;280;305;0;0;0;0;0
"2019-03-30 17:30:00";441;469;401;287;322;0;0;0;0;0
"2019-03-30 17:40:00";505;486;428;253;309;0;0;0;0;0
"2019-03-30 17:50:00";437;456;438;244;394;0;0;0;0;0
"2019-03-30 18:00:00";422;452;422;285;314;0;0;0;0;0
"2019-03-30 18:10:00";448;463;430;269;260;0;0;0;0;0
"2019-03-30 18:20:00";414;424;393;291;283;0;0;0;0;0
"2019-03-30 18:30:00";440;460;387;308;313;0;0;0;0;0
"2019-03-30 18:40:00";435;458;417;345;337;0;0;0;0;0
"2019-03-30 18:50:00";452;445;472;334;329;0;0;0;0;0
"2019-03-30 19:00:00";350;356;455;296;277;0;0;0;0;0
"2019-03-30 19:10:00";395;437;485;310;333;0;0;0;0;0
"2019-03-30 19:20:00";402;414;371;253;285;0;0;0;0;0
"2019-03-30 19:30:00";367;413;415;282;265;0;0;0;0;0
"2019-03-30 19:40:00";363;428;337;237;211;0;0;0;0;0
"2019-03-30 19:50:00";467;386;451;251;225;0;0;0;0;0
"2019-03-30 20:00:00";352;320;398;208;187;0;0;0;0;0
"2019-03-30 20:10:00";319;343;373;189;212;0;0;0;0;0
"2019-03-30 20:20:00";288;295;331;188;151;0;0;0;0;0
"2019-03-30 20:30:00";339;290;287;206;161;0;0;0;0;0
"2019-03-30 20:40:00";252;240;316;164;147;0;0;0;0;0
"2019-03-30 20:50:00";253;269;269;196;141;0;0;0;0;0
"2019-03-30 21:00:00";253;260;293;192;150;0;0;0;0;0
"2019-03-30 21:10:00";340;310;303;195;155;0;0;0;0;0
"2019-03-30 21:20:00";262;242;267;151;125;0;0;0;0;0
"2019-03-30 21:30:00";316;352;324;198;149;0;0;0;0;0
"2019-03-30 21:40:00";321;295;346;238;126;0;0;0;0;0
"2019-03-30 21:50:00";303;338;296;172;121;0;0;0;0;0
"2019-03-30 22:00:00";202;210;246;201;125;0;0;0;0;0
"2019-03-30 22:10:00";149;160;273;177;96;0;0;0;0;0
"2019-03-30 22:20:00";109;90;196;119;91;0;0;0;0;0
"2019-03-30 22:30:00";131;135;161;123;58;0;0;0;0;0
"2019-03-30 22:40:00";174;154;159;115;73;0;0;0;0;0
"2019-03-30 22:50:00";192;151;243;135;88;0;0;0;0;0
"2019-03-30 23:00:00";196;133;274;133;75;0;0;0;0;0
"2019-03-30 23:10:00";206;163;244;150;88;0;0;0;0;0
"2019-03-30 23:20:00";192;103;226;121;73;0;0;0;0;0
"2019-03-30 23:30:00";94;68;100;74;72;0;0;0;0;0
"2019-03-30 23:40:00";88;48;73;77;6;0;0;0;0;0
"2019-03-30 23:50:00";43;36;51;69;12;0;0;0;0;0
"2019-03-31 00:00:00";32;29;44;68;3;0;0;0;0;0
"2019-03-31 00:10:00";54;55;61;74;7;0;0;0;0;0
"2019-03-31 00:20:00";34;35;59;69;14;0;0;0;0;0
"2019-03-31 00:30:00";44;32;53;58;9;0;0;0;0;0
"2019-03-31 00:40:00";54;31;49;49;11;0;0;0;0;0
"2019-03-31 00:50:00";71;49;84;61;13;0;0;0;0;0
"2019-03-31 01:00:00";63;40;58;52;26;0;0;0;0;0
"2019-03-31 01:10:00";57;38;64;37;22;0;0;0;0;0
"2019-03-31 01:20:00";36;33;70;39;27;0;0;0;0;0
"2019-03-31 01:30:00";45;36;43;31;14;0;0;0;0;0
"2019-03-31 01:40:00";42;31;28;27;11;0;0;0;0;0
"2019-03-31 01:50:00";63;40;45;42;17;0;0;0;0;0
"2019-03-31 02:00:00";63;49;57;42;10;0;0;0;0;0
"2019-03-31 02:10:00";80;50;68;53;24;0;0;0;0;0
"2019-03-31 02:20:00";54;46;38;36;14;0;0;0;0;0
"2019-03-31 02:30:00";58;45;38;44;21;0;0;0;0;0
"2019-03-31 02:40:00";61;47;45;42;21;0;0;0;0;0
"2019-03-31 02:50:00";48;36;59;36;17;0;0;0;0;0
"2019-03-31 03:00:00";50;49;63;52;25;0;0;0;0;0
"2019-03-31 03:10:00";34;21;31;36;22;0;0;0;0;0
"2019-03-31 03:20:00";27;10;29;25;15;0;0;0;0;0
"2019-03-31 03:30:00";11;14;15;17;9;0;0;0;0;0
"2019-03-31 03:40:00";16;7;32;24;17;0;0;0;0;0
"2019-03-31 03:50:00";38;20;19;13;9;0;0;0;0;0
"2019-03-31 04:00:00";20;27;18;15;21;0;0;0;0;0
"2019-03-31 04:10:00";19;18;4;8;3;0;0;0;0;0
"2019-03-31 04:20:00";10;8;21;5;5;0;0;0;0;0
"2019-03-31 04:30:00";8;3;2;5;9;0;0;0;0;0
"2019-03-31 04:40:00";12;11;17;12;6;0;0;0;0;0
"2019-03-31 04:50:00";22;10;4;13;12;0;0;0;0;0
"2019-03-31 05:00:00";15;6;7;13;5;0;0;0;0;0
"2019-03-31 05:10:00";11;13;20;11;8;0;0;0;0;0
"2019-03-31 05:20:00";5;9;15;11;8;0;0;0;0;0
"2019-03-31 05:30:00";2;3;8;1;4;0;0;0;0;0
"2019-03-31 05:40:00";30;25;16;9;6;0;0;0;0;0
"2019-03-31 05:50:00";17;16;25;14;7;0;0;0;0;0
"2019-03-31 06:00:00";11;9;29;13;9;0;0;0;0;0
"2019-03-31 06:10:00";21;18;19;10;5;0;0;0;0;0
"2019-03-31 06:20:00";22;11;15;18;5;0;0;0;0;0
"2019-03-31 06:30:00";30;34;30;33;20;0;0;0;0;0
"2019-03-31 06:40:00";42;22;34;27;13;0;0;0;0;0
"2019-03-31 06:50:00";29;22;48;34;20;0;0;0;0;0
"2019-03-31 07:00:00";65;76;59;42;22;0;0;0;0;0
"2019-03-31 07:10:00";52;41;36;38;18;0;0;0;0;0
"2019-03-31 07:20:00";80;69;52;46;23;0;0;0;0;0
"2019-03-31 07:30:00";70;61;58;45;37;0;0;0;0;0
"2019-03-31 07:40:00";80;84;70;57;28;0;0;0;0;0
"2019-03-31 07:50:00";86;105;85;57;51;0;0;0;0;0
"2019-03-31 08:00:00";65;83;91;47;39;0;0;0;0;0
"2019-03-31 08:10:00";69;67;67;54;39;0;0;0;0;0
"2019-03-31 08:20:00";67;66;75;59;19;0;0;0;0;0
"2019-03-31 08:30:00";80;88;86;67;41;0;0;0;0;0
"2019-03-31 08:40:00";161;186;99;104;41;0;0;0;0;0
"2019-03-31 08:50:00";169;166;108;125;43;0;0;0;0;0
"2019-03-31 09:00:00";128;107;109;126;33;0;0;0;0;0
"2019-03-31 09:10:00";117;125;114;118;54;0;0;0;0;0
"2019-03-31 09:20:00";145;151;111;87;80;0;0;0;0;0
"2019-03-31 09:30:00";156;199;162;123;88;0;0;0;0;0
"2019-03-31 09:40:00";148;173;160;144;105;0;0;0;0;0
"2019-03-31 09:50:00";184;208;153;116;95;0;0;0;0;0
"2019-03-31 10:00:00";158;231;118;111;73;0;0;0;0;0
"2019-03-31 10:10:00";234;235;156;168;100;0;0;0;0;0
"2019-03-31 10:20:00";249;283;157;233;134;0;0;0;0;0
"2019-03-31 10:30:00";210;259;148;178;109;0;0;0;0;0
"2019-03-31 10:40:00";259;303;223;226;119;0;0;0;0;0
"2019-03-31 10:50:00";265;300;206;268;100;0;0;0;0;0
"2019-03-31 11:00:00";232;249;186;226;103;0;0;0;0;0
"2019-03-31 11:10:00";213;249;148;137;80;0;0;0;0;0
"2019-03-31 11:20:00";262;267;183;149;76;0;0;0;0;0
"2019-03-31 11:30:00";244;228;157;145;64;0;0;0;0;0
"2019-03-31 11:40:00";260;279;175;178;86;0;0;0;0;0
"2019-03-31 11:50:00";274;318;200;182;142;0;0;0;0;0
"2019-03-31 12:00:00";325;323;203;181;134;0;0;0;0;0
"2019-03-31 12:10:00";401;396;246;223;130;0;0;0;0;0
"2019-03-31 12:20:00";407;340;213;205;152;0;0;0;0;0
"2019-03-31 12:30:00";398;398;258;237;136;0;0;0;0;0
"2019-03-31 12:40:00";397;366;267;264;194;0;0;0;0;0
"2019-03-31 12:50:00";451;387;315;255;154;0;0;0;0;0
"2019-03-31 13:00:00";509;409;350;250;199;0;0;0;0;0
"2019-03-31 13:10:00";461;377;350;268;235;0;0;0;0;0
"2019-03-31 13:20:00";421;366;312;195;254;0;0;0;0;0
"2019-03-31 13:30:00";457;443;309;229;198;0;0;0;0;0
"2019-03-31 13:40:00";416;341;298;252;283;0;0;0;0;0
"2019-03-31 13:50:00";347;309;271;186;267;0;0;0;0;0
"2019-03-31 14:00:00";406;295;245;229;180;0;0;0;0;0
"2019-03-31 14:10:00";329;332;344;202;197;0;0;0;0;0
"2019-03-31 14:20:00";408;378;252;221;179;0;0;0;0;0
"2019-03-31 14:30:00";351;354;343;234;279;0;0;0;0;0
"2019-03-31 14:40:00";363;356;245;182;244;0;0;0;0;0
"2019-03-31 14:50:00";313;371;290;232;195;0;0;0;0;0
"2019-03-31 15:00:00";276;324;337;334;324;0;0;0;0;0
"2019-03-31 15:10:00";307;366;400;258;328;0;0;0;0;0
"2019-03-31 15:20:00";331;390;371;223;224;0;0;0;0;0
"2019-03-31 15:30:00";396;438;406;265;314;0;0;0;0;0
"2019-03-31 15:40:00";362;449;340;232;220;0;0;0;0;0
"2019-03-31 15:50:00";287;354;315;194;216;0;0;0;0;0
"2019-03-31 16:00:00";305;391;285;179;198;0;0;0;0;0
"2019-03-31 16:10:00";309;398;321;201;201;0;0;0;0;0
"2019-03-31 16:20:00";297;349;266;190;273;0;0;0;0;0
"2019-03-31 16:30:00";276;337;212;161;231;0;0;0;0;0
"2019-03-31 16:40:00";300;296;199;170;336;0;0;0;0;0
"2019-03-31 16:50:00";309;360;179;207;343;0;0;0;0;0
"2019-03-31 17:00:00";311;333;177;176;333;0;0;0;0;0
"2019-03-31 17:10:00";303;324;209;193;294;0;0;0;0;0
"2019-03-31 17:20:00";299;315;191;186;203;0;0;0;0;0
"2019-03-31 17:30:00";321;349;234;202;218;0;0;0;0;0
"2019-03-31 17:40:00";344;298;200;182;216;0;0;0;0;0
"2019-03-31 17:50:00";317;352;222;177;262;0;0;0;0;0
"2019-03-31 18:00:00";302;316;241;207;264;0;0;0;0;0
"2019-03-31 18:10:00";201;252;205;124;313;0;0;0;0;0
"2019-03-31 18:20:00";139;107;169;152;309;0;0;0;0;0
"2019-03-31 18:30:00";267;285;172;204;273;0;0;0;0;0
"2019-03-31 18:40:00";323;337;129;200;220;0;0;0;0;0
"2019-03-31 18:50:00";344;320;109;186;173;0;0;0;0;0
"2019-03-31 19:00:00";266;239;132;196;260;0;0;0;0;0
"2019-03-31 19:10:00";263;301;170;187;267;0;0;0;0;0
"2019-03-31 19:20:00";234;274;152;237;272;0;0;0;0;0
"2019-03-31 19:30:00";278;241;183;251;234;0;0;0;0;0
"2019-03-31 19:40:00";176;177;193;188;170;0;0;0;0;0
"2019-03-31 19:50:00";188;177;226;183;195;0;0;0;0;0
"2019-03-31 20:00:00";218;197;231;213;161;0;0;0;0;0
"2019-03-31 20:10:00";210;247;233;180;122;0;0;0;0;0
"2019-03-31 20:20:00";231;223;266;194;111;0;0;0;0;0
"2019-03-31 20:30:00";226;216;135;160;50;0;0;0;0;0
"2019-03-31 20:40:00";215;216;151;125;65;0;0;0;0;0
"2019-03-31 20:50:00";203;226;170;138;62;0;0;0;0;0
"2019-03-31 21:00:00";164;174;148;140;62;0;0;0;0;0
"2019-03-31 21:10:00";140;144;124;121;50;0;0;0;0;0
"2019-03-31 21:20:00";140;162;101;99;48;0;0;0;0;0
"2019-03-31 21:30:00";103;112;105;99;67;0;0;0;0;0
"2019-03-31 21:40:00";106;99;144;125;97;0;0;0;0;0
"2019-03-31 21:50:00";98;86;124;104;80;0;0;0;0;0
"2019-03-31 22:00:00";104;92;108;100;37;0;0;0;0;0
"2019-03-31 22:10:00";102;97;107;90;41;0;0;0;0;0
"2019-03-31 22:20:00";143;176;118;121;44;0;0;0;0;0
"2019-03-31 22:30:00";94;67;94;105;49;0;0;0;0;0
"2019-03-31 22:40:00";97;96;63;97;55;0;0;0;0;0
"2019-03-31 22:50:00";83;79;75;83;47;0;0;0;0;0
"2019-03-31 23:00:00";79;86;73;76;35;0;0;0;0;0
"2019-03-31 23:10:00";62;74;75;55;40;0;0;0;0;0
"2019-03-31 23:20:00";53;51;82;54;39;0;0;0;0;0
"2019-03-31 23:30:00";44;36;47;41;32;0;0;0;0;0
"2019-03-31 23:40:00";50;35;47;52;27;0;0;0;0;0
"2019-03-31 23:50:00";58;87;52;48;14;0;0;0;0;0
"2019-04-01 00:00:00";58;81;53;38;24;0;0;0;0;0
"2019-04-01 00:10:00";40;33;33;24;23;0;0;0;0;0
"2019-04-01 00:20:00";48;56;45;36;21;0;0;0;0;0
"2019-04-01 00:30:00";28;22;15;11;6;0;0;0;0;0
"2019-04-01 00:40:00";30;16;13;14;21;0;0;0;0;0
"2019-04-01 00:50:00";29;30;16;17;8;0;0;0;0;0
"2019-04-01 01:00:00";33;15;31;26;30;0;0;0;0;0
"2019-04-01 01:10:00";15;20;28;24;18;0;0;0;0;0
"2019-04-01 01:20:00";31;27;25;12;4;0;0;0;0;0
"2019-04-01 01:30:00";16;31;14;15;9;0;0;0;0;0
"2019-04-01 01:40:00";15;11;11;13;13;0;0;0;0;0
"2019-04-01 01:50:00";20;15;18;14;5;0;0;0;0;0
"2019-04-01 02:00:00";33;35;8;13;4;0;0;0;0;0
"2019-04-01 02:10:00";20;10;7;3;2;0;0;0;0;0
"2019-04-01 02:20:00";17;20;13;10;4;0;0;0;0;0
"2019-04-01 02:30:00";14;12;9;7;5;0;0;0;0;0
"2019-04-01 02:40:00";10;18;5;6;8;0;0;0;0;0
"2019-04-01 02:50:00";6;7;6;1;5;0;0;0;0;0
"2019-04-01 03:00:00";14;10;7;13;4;0;0;0;0;0
"2019-04-01 03:10:00";10;10;17;16;6;0;0;0;0;0
"2019-04-01 03:20:00";7;10;3;4;0;0;0;0;0;0
"2019-04-01 03:30:00";11;8;12;6;8;0;0;0;0;0
"2019-04-01 03:40:00";12;15;5;6;4;0;0;0;0;0
"2019-04-01 03:50:00";4;0;3;5;7;0;0;0;0;0
"2019-04-01 04:00:00";10;4;5;4;4;0;0;0;0;0
"2019-04-01 04:10:00";2;0;6;1;3;0;0;0;0;0
"2019-04-01 04:20:00";12;6;1;0;1;0;0;0;0;0
"2019-04-01 04:30:00";12;6;10;3;8;0;0;0;0;0
"2019-04-01 04:40:00";17;22;8;10;5;0;0;0;0;0
"2019-04-01 04:50:00";12;23;15;10;5;0;0;0;0;0
"2019-04-01 05:00:00";22;28;18;4;6;0;0;0;0;0
"2019-04-01 05:10:00";16;28;10;7;0;0;0;0;0;0
"2019-04-01 05:20:00";25;23;14;15;8;0;0;0;0;0
"2019-04-01 05:30:00";31;34;26;21;18;0;0;0;0;0
"2019-04-01 05:40:00";37;54;36;33;14;0;0;0;0;0
"2019-04-01 05:50:00";68;47;23;16;16;0;0;0;0;0
"2019-04-01 06:00:00";48;55;52;39;31;0;0;0;0;0
"2019-04-01 06:10:00";41;52;50;49;33;0;0;0;0;0
"2019-04-01 06:20:00";46;33;45;50;37;0;0;0;0;0
"2019-04-01 06:30:00";98;104;68;73;19;0;0;0;0;0
"2019-04-01 06:40:00";104;114;124;104;16;0;0;0;0;0
"2019-04-01 06:50:00";192;190;133;107;29;0;0;0;0;0
"2019-04-01 07:00:00";215;228;171;140;42;0;0;0;0;0
"2019-04-01 07:10:00";208;255;181;183;78;0;0;0;0;0
"2019-04-01 07:20:00";325;357;262;246;101;0;0;0;0;0
"2019-04-01 07:30:00";417;377;342;236;105;0;0;0;0;0
"2019-04-01 07:40:00";417;347;414;346;215;0;0;0;0;0
"2019-04-01 07:50:00";401;273;481;355;240;0;0;0;0;0
"2019-04-01 08:00:00";273;190;477;405;173;0;0;0;0;0
"2019-04-01 08:10:00";390;278;436;357;75;0;0;0;0;0
"2019-04-01 08:20:00";432;369;303;310;25;0;0;0;0;0
"2019-04-01 08:30:00";425;332;278;332;39;0;0;0;0;0
"2019-04-01 08:40:00";296;211;301;244;86;0;0;0;0;0
"2019-04-01 08:50:00";354;294;268;239;59;0;0;0;0;0
"2019-04-01 09:00:00";313;257;168;0;65;0;0;0;0;0
"2019-04-01 09:10:00";290;228;178;0;62;0;0;0;0;0
"2019-04-01 09:20:00";314;242;134;0;30;0;0;0;0;0
"2019-04-01 09:30:00";230;181;143;0;63;0;0;0;0;0
"2019-04-01 09:40:00";237;189;121;0;95;0;0;0;0;0
"2019-04-01 09:50:00";240;207;167;0;74;0;0;0;0;0
"2019-04-01 10:00:00";364;330;175;0;34;0;0;0;0;0
"2019-04-01 10:10:00";284;389;148;0;20;0;0;0;0;0
"2019-04-01 10:20:00";275;273;169;0;96;0;0;0;0;0
"2019-04-01 10:30:00";271;301;166;0;116;0;0;0;0;0
"2019-04-01 10:40:00";261;282;189;0;180;0;0;0;0;0
"2019-04-01 10:50:00";334;375;288;0;223;0;0;0;0;0
"2019-04-01 11:00:00";374;455;297;0;243;0;0;0;0;0
"2019-04-01 11:10:00";328;371;246;0;202;0;0;0;0;0
"2019-04-01 11:20:00";443;484;281;0;273;0;0;0;0;0
"2019-04-01 11:30:00";450;462;269;0;201;0;0;0;0;0
"2019-04-01 11:40:00";445;475;284;0;277;0;0;0;0;0
"2019-04-01 11:50:00";496;471;353;0;279;0;0;0;0;0
"2019-04-01 12:00:00";489;459;371;0;328;0;0;0;0;0
"2019-04-01 12:10:00";471;475;349;0;229;0;0;0;0;0
"2019-04-01 12:20:00";460;450;348;0;305;0;0;0;0;0
"2019-04-01 12:30:00";415;438;406;0;274;0;0;0;0;0
"2019-04-01 12:40:00";484;517;403;0;344;0;0;0;0;0
"2019-04-01 12:50:00";504;489;460;0;336;0;0;0;0;0
"2019-04-01 13:00:00";510;494;408;0;309;0;0;0;0;0
"2019-04-01 13:10:00";327;241;362;0;246;178;40;62;36;21
"2019-04-01 13:20:00";289;202;286;0;121;303;67;93;85;18
"2019-04-01 13:30:00";374;389;260;0;76;309;65;50;87;30
"2019-04-01 13:40:00";389;351;314;0;102;304;64;65;79;31
"2019-04-01 13:50:00";336;255;309;0;164;334;66;93;89;19
"2019-04-01 14:00:00";366;248;359;0;168;328;122;122;118;31
"2019-04-01 14:10:00";380;286;410;0;159;288;138;101;110;29
"2019-04-01 14:20:00";433;329;304;0;208;137;99;129;113;35
"2019-04-01 14:30:00";365;326;287;0;221;178;105;150;88;51
"2019-04-01 14:40:00";359;317;257;0;143;225;116;145;84;24
"2019-04-01 14:50:00";334;259;303;0;176;276;100;122;85;46
"2019-04-01 15:00:00";297;219;326;0;212;341;113;176;68;47
"2019-04-01 15:10:00";416;355;343;0;204;330;114;137;93;51
"2019-04-01 15:20:00";451;435;289;0;112;338;103;53;86;47
"2019-04-01 15:30:00";441;393;247;0;162;372;131;87;89;36
"2019-04-01 15:40:00";433;353;323;0;154;305;98;93;52;50
"2019-04-01 15:50:00";403;387;336;0;198;315;125;140;90;56
"2019-04-01 16:00:00";475;425;341;0;237;301;110;166;61;47
"2019-04-01 16:10:00";473;386;369;0;339;375;120;227;109;47
"2019-04-01 16:20:00";416;330;398;0;301;321;125;212;129;50
"2019-04-01 16:30:00";347;264;490;0;353;363;143;246;123;41
"2019-04-01 16:40:00";331;303;497;0;434;384;169;297;109;121
"2019-04-01 16:50:00";432;412;355;0;396;329;145;246;50;119
"2019-04-01 17:00:00";568;510;591;0;242;208;95;115;82;80
"2019-04-01 17:10:00";641;566;596;0;324;189;119;125;110;97
"2019-04-01 17:20:00";663;535;505;0;268;343;155;101;174;113
"2019-04-01 17:30:00";594;445;355;0;173;320;93;63;115;103
"2019-04-01 17:40:00";453;429;325;0;116;337;101;74;54;29
"2019-04-01 17:50:00";355;281;359;0;177;287;87;96;101;9
"2019-04-01 18:00:00";253;238;303;0;186;309;78;107;74;15
"2019-04-01 18:10:00";241;237;371;0;141;287;74;110;54;29
"2019-04-01 18:20:00";229;174;308;0;184;227;93;110;86;30
"2019-04-01 18:30:00";255;322;347;0;217;219;131;138;101;52
"2019-04-01 18:40:00";289;184;331;0;221;216;123;157;93;77
"2019-04-01 18:50:00";216;183;307;0;156;224;71;87;84;11
"2019-04-01 19:00:00";167;150;258;0;109;204;59;55;56;5
"2019-04-01 19:10:00";199;206;338;0;235;196;98;78;108;34
"2019-04-01 19:20:00";218;249;291;0;239;193;105;113;84;25
"2019-04-01 19:30:00";257;290;284;0;155;160;95;94;89;11
"2019-04-01 19:40:00";269;307;222;0;169;169;57;83;59;45
"2019-04-01 19:50:00";230;253;203;0;168;181;50;82;72;28
"2019-04-01 20:00:00";275;321;325;0;194;184;121;177;104;85
"2019-04-01 20:10:00";319;293;355;0;131;168;105;161;76;98
"2019-04-01 20:20:00";266;203;230;0;105;144;69;115;61;64
"2019-04-01 20:30:00";232;238;288;0;146;143;93;130;68;82